brand,section,question,answer,domain,id
SupermarketCo,Delivery,Question about delivery?,Please refer to standard delivery policy.,policy,7ef79888
SupermarketCo,Delivery,Can I schedule my own SupermarketCo deliveries?,"Yes, you can request a delivery window through our online platform or customer service.",policy,b93b1680
SupermarketCo,Delivery,What happens if your driver cannot make the scheduled delivery on time due to traffic conditions?,"If there's unavoidable delay caused by factors beyond control, like severe weather, we will contact you immediately and try to reschedule.",policy,7bdeda38
SupermarketCo,Delivery,Can I schedule a delivery time with SupermarketCo?,"Yes, you can choose your preferred pickup times within the working hours.",policy,4a7de51b
SupermarketCo,Delivery,What happens if my chosen slot for delivery is not available?,"If that occurs, we will offer alternative slots and notify you promptly to reschedule.",policy,92d04334
SupermarketCo,Delivery,Can I place an order for groceries with SupermarketCo online?,"Yes, customers can conveniently shop and make purchases through our secure online platform.",policy,54afa66d
SupermarketCo,Delivery,How do delivery options work at SupermarketCo?,"We offer scheduled deliveries where you choose the day of your preferred pickup time. Alternatively, we provide same-day express service for urgent orders during business hours.",policy,dff7ec6b
SupermarketCo,Delivery,Can I schedule a delivery for SupermarketCo items through an online platform?,"Yes, you can arrange deliveries by using our mobile app or website.",policy,ce7b35dc
SupermarketCo,Delivery,How do I change my preferred delivery time with SupermarketCo home-delivery service?,"You may modify your delivery preferences in the customer portal at any time before confirming a new order. After placing an updated request, our team will reach out to you for approval.",policy,1ce4b9d6
SupermarketCo,Delivery,Question about delivery?,Please refer to standard delivery policy.,policy,7ef79888
SupermarketCo,Delivery,What are your delivery options for purchasing from SupermarketCo?,SupermarketCo offers home deliveries using a reliable courier service and same-day pickups.,policy,13c575ba
SupermarketCo,Delivery,How can I place an order with SupermarketCo through delivery services?,"To use our delivery, simply add your desired items to the online cart and choose 'Deliver' during checkout. A confirmation will be sent once placed for next day delivery or picked up in-store.",policy,cbd54ae4
SupermarketCo,Delivery,What is SupermarketCo's delivery policy?,"SupermarketCo offers doorstep deliveries for a subscription fee, ensuring food safety and freshness.",policy,cde9d3ee
SupermarketCo,Delivery,How does I need to sign up for the delivery service at SupermarketCo?,"To subscribe to the delivery service with SupermarketCo, visit our website or in-store without special codes. Choose 'Subscription Delivery' during checkout and provide necessary details.",policy,405fdf60
SupermarketCo,Delivery,Can I schedule a weekly delivery with SupermarketCo?,"Yes, you can set up recurring deliveries through our online portal.",policy,a3ad92f1
SupermarketCo,Delivery,Are there any fees for additional packages in my SupermarketCo delivery service account?,No extra charges apply beyond the initial setup fee and standard delivery costs included in your membership.,policy,e9b833f1
SupermarketCo,Delivery,Question about delivery?,Please refer to standard delivery policy.,policy,7ef79888
SupermarketCo,Delivery,What delivery options does SupermarketCo offer for online orders?,SupermarketCo offers home deliveries and curbside pickup. All purchasener must follow our safety guidelines.,policy,1da53e98
SupermarketCo,Delivery,Are there any restrictions on items that can be ordered through the supermarket's delivery service?,"No raw meats, seafood without proper packaging or alcoholic products are restricted for home deliveries due to handling and state laws. Curbside pickups have specific protocol.",policy,55e50141
SupermarketCo,Delivery,Question about delivery?,Please refer to standard delivery policy.,policy,7ef79888
SupermarketCo,Refunds and Returns,Can I return a product for any reason?,"No, we require that you provide proof of purchase and the item must be returned in its original condition.",policy,117803f8
SupermarketCo,Refunds and Returns,What is the deadline for returns within 30 days from purchase?,"You have up to 30 days from your date of purchase to return an eligible product, provided it meets our conditions.",policy,466a86d6
SupermarketCo,Refunds and Returns,What items can I return to SupermarketCo?,Returnable goods include fresh produce and bakery items that are in resalable condition.,policy,4b928c47
SupermarketCo,Refunds and Returns,How do I get a refund at SupermarketCo?,"Refunds for non-food items, if eligible as per store policy, can be obtained using cash or supermarket credit when making returns during regular business hours.",policy,d9b32ecd
SupermarketCo,Refunds and Returns,Can I return items bought from SupermarketCo if they don't meet my expectations?,"Yes, we offer a refund policy for eligible products.",policy,c8a0b9fd
SupermarketCo,Refunds and Returns,How do I request a refund at the checkout counter after purchasing with cash or card?,"For immediate returns using your payment method, please hand over items to staff directly. They will process it accordingly without additional steps needed from customers.",policy,ff6ae06c
SupermarketCo,Refunds and Returns,Question about refunds and returns?,Please refer to standard refunds and returns policy.,policy,4bc5eeef
SupermarketCo,Refunds and Returns,What items can I return at SupermarketCo?,"You can return perishable goods, but not opened non-food products.",policy,5b4576f8
SupermarketCo,Refunds and Returns,How do refunds work for returned items at SupermarketCo?,Refunds are issued in cash or e-wallet based on the receipt provided and item's price tag.,policy,91aaa335
SupermarketCo,Refunds and Returns,Can I return items purchased at SupermarketCo that are not as described?,"Yes, you can request a refund for misrepresented goods following the store's returns policy.",policy,d6aa6a78
SupermarketCo,Refunds and Returns,What is the time limit to make a return or exchange with SupermarketCo?,Please refer to our 'Return Policy Handbook' available at all SupermarketCo locations for specific timelines and conditions.,policy,ef927e8f
SupermarketCo,Refunds and Returns,Question about refunds and returns?,Please refer to standard refunds and returns policy.,policy,4bc5eeef
SupermarketCo,Refunds and Returns,What items can I return for a refund?,"Unopened, unused products with original packaging and invoice within the policy time frame.",policy,e16e5de2
SupermarketCo,Refunds and Returns,How do I receive my SupermarketCo Visa gift card after returning an item?,"After processing your return at any of our stores or through customer service online, we'll issue a replacement for your returned items with a corresponding amount on a SupermarketCo Visa gift card.",policy,8b0b88fc
SupermarketCo,Refunds and Returns,Can I return items purchased at SupermarketCo?,"Yes, customers can return unwanted or unsatisfactory purchases within a specified period.",policy,5c5ff392
SupermarketCo,Refunds and Returns,What is the refund policy for non-perishable goods sold by SupermarketCo?,"Refunds are accepted on open and unused items with original receiple, provided they have been returned in their initial packaging within a week of purchase.",policy,3be1563c
SupermarketCo,Refunds and Returns,What is SupermarketCo's policy regarding returns?,"You can return perishable items within a week of purchase, provided they are unopened and undamaged.",policy,06de2110
SupermarketCo,Refunds and Returns,Can I get a cash refund for my purchases at SupermarketCo?,"Yes, you're eligible for a full cash refund if items were defective or incorrect. Refund requests must be made within seven days of purchase.",policy,8b8fc63f
SupermarketCo,Refunds and Returns,What is SupermarketCo's policy on item returns if they are not faulty?,"Unfortunately, we cannot accept non-fault items for return.",policy,ea486914
SupermarketCo,Refunds and Returns,How long do I have to make a claim after the expiration date of my perishable groceries at SupermarketCo?,Our refund policy on perishables does not cover returns post their sell-by or use-by dates due to health and safety concerns.,policy,01460afa
SupermarketCo,Substitutions,Question about substitutions?,Please refer to standard substitutions policy.,policy,8b354614
SupermarketCo,Substitutions,Question about substitutions?,Please refer to standard substitutions policy.,policy,8b354614
SupermarketCo,Substitutions,Question about substitutions?,Please refer to standard substitutions policy.,policy,8b354614
SupermarketCo,Substitutions,Can I substitute any product for a specialty item listed in your store?,"No, substitutions are only permitted with the manager's approval.",policy,f3fe8a6d
SupermarketCo,Substitutions,How do I request a substitution at SupermarketCo if an item is out of stock or unavailable?,"Please notify your store cashier about the desired product, and they will contact management to see if it's possible.",policy,ffb2a2c9
SupermarketCo,Substitutions,Can I substitute an item if it's not available at my local SupermarketCo store?,"Yes, we can often accommodate substitution requests when items are out of stock.",policy,7cdc04c1
SupermarketCo,Substitutions,What happens if the substituted product is less popular and I prefer something else already in-stock?,"We try our best to fulfill your request based on available inventory. However, we cannot guarantee a specific alternative will be offered.",policy,6feafa78
SupermarketCo,Substitutions,Can I substitute ingredients in pre-packaged meals?,Substitutions are not recommended due to potential allergens and nutritional content changes. Please review the label carefully.,policy,5a6be4c1
SupermarketCo,Substitutions,Do you offer substitution options for gluten-free products at SupermarketCo?,"Yes, we provide a dedicated section with various certified gluten-free alternatives in our baking and snack categories.",policy,9ab4aec9
SupermarketCo,Substitutions,Can I substitute an ingredient in a recipe that requires egg?,"Yes, for baking purposes you can use substitutes like unsweetened applesauce or mashed bananas.",policy,6730245c
SupermarketCo,Substitutions,What happens if the product is out of stock and no substitutions are available at my location?,"If a substitute isn't provided locally, we recommend checking our website for potential alternative products that could work in your recipe.",policy,f4512ce0
SupermarketCo,Substitutions,Question about substitutions?,Please refer to standard substitutions policy.,policy,8b354614
SupermarketCo,Substitutions,Can I substitute fruits in my recipe with something else at SupermarketCo?,"Yes, we do allow substitutions of fresh produce as long as they are comparable to the original choice.",policy,48d76286
SupermarketCo,Substitutions,What is considered a suitable dairy alternative for lactose-intolerant customers shopping here?,"Lactose-free milk and almond, soy or oat milk are acceptable alternatives in our store.",policy,d2fe431b
SupermarketCo,Substitutions,Question about substitutions?,Please refer to standard substitutions policy.,policy,8b354614
SupermarketCo,Substitutions,Question about substitutions?,Please refer to standard substitutions policy.,policy,8b354614
SupermarketCo,Substitutions,Question about substitutions?,Please refer to standard substitutions policy.,policy,8b354614
SupermarketCo,Substitutions,Can I substitute any product for a specific item in my grocery list?,"No, substitutions are limited to similar products that fulfill the same nutritional value and function.",policy,045c7592
SupermarketCo,Substitutions,Are there size or package restrictions on allowed substitutes at SupermarketCo?,Substitutes must be of a comparable serving size or quantity as per our standard product options.,policy,f6ecc290
SupermarketCo,Substitutions,Question about substitutions?,Please refer to standard substitutions policy.,policy,8b354614
SupermarketCo,Promotions,What types of promotions does SupermarketCo offer?,"SupermarketCo offers discounts, buy one get one free deals and loyalty reward points.",policy,ebcba7d4
SupermarketCo,Promotions,How can I avail the supermarket' end-of-season clearance sale promotion at SupermarketCo?,"To avail of our yearly Clearance Sale Promotion, simply shop anytime between November to December. Look for seasonal items marked with a red tag.",policy,70760ee4
SupermarketCo,Promotions,Question about promotions?,Please refer to standard promotions policy.,policy,cfa3ee08
SupermarketCo,Promotions,Question about promotions?,Please refer to standard promotions policy.,policy,cfa3ee08
SupermarketCo,Promotions,Question about promotions?,Please refer to standard promotions policy.,policy,cfa3ee08
SupermarketCo,Promotions,Question about promotions?,Please refer to standard promotions policy.,policy,cfa3ee08
SupermarketCo,Promotions,Can I get a discount when buying in bulk at SupermarketCo?,"Yes, SupermarketCo offers volume discounts on certain items. Check our Promotion Board or ask an associate for details.",policy,4b5f5685
SupermarketCo,Promotions,What types of promotions can customers expect from SupermarketCo'in the next month?,"Customers will find weekly deals in various departments, member-exclusive discounts and seasonal offers as part of our ongoing Promotions section.",policy,58c4d309
SupermarketCo,Promotions,What types of promotions do I typically receive at SupermarketCo?,"SupermarketCo offers a variety of weekly deals, special discounts on certain products every month, and loyalty program rewards that can be used as coupons.",policy,e4c6d1b9
SupermarketCo,Promotions,Can I use any coupon from outside the store for in-store purchases?,"No. Only official SupermarketCo printed or digital coupons issued during a promotion are valid inside our stores, with necessary terms and conditions applied.",policy,7ab02411
SupermarketCo,Promotions,Can I receive a refund for any promotional items that do not meet quality standards?,"Yes, all unsatisfactory products can be returned within our no-questions asked guarantee.",policy,c6650ee6
SupermarketCo,Promotions,Are there restrictions on how long eligible customers have to use a coupon during promotions?,"Coupons are valid for the duration of each promotion, which lasts until further notice from SupermarketCo. Always check our online calendar.",policy,a25d0009
SupermarketCo,Promotions,What types of promotions do you offer at SupermarketCo?,"SupermarketCo offers a variety of in-store and online discounts, as well as special deals on certain products during weekends.",policy,b7d05782
SupermarketCo,Promotions,Can I receive exclusive coupons from SupermarketCo through email subscriptions or text messages?,"Yes, customers can subscribe to our newsletter for occasional promotions via emails and sign up with a mobile number to get notifications about special deals directly on their phone.",policy,dcc4a7e7
SupermarketCo,Promotions,Question about promotions?,Please refer to standard promotions policy.,policy,cfa3ee08
SupermarketCo,Promotions,Are loyalty points available at all times?,"Yes, SupermarketCo's rewards program operates around the clock.",policy,10558ac9
SupermarketCo,Promotions,Can I use my digital coupon for any product category during promotions?,Digital coupons are valid across all categories but may have specific terms and conditions to follow.,policy,0ddae65f
SupermarketCo,Promotions,Question about promotions?,Please refer to standard promotions policy.,policy,cfa3ee08
SupermarketCo,Promotions,What types of promotions can I expect when shopping at SupermarketCo?,"SupermarketCo offers weekly discounts on various products, special sales days with additional savings and occasional loyalty program rewards.",policy,70efce70
SupermarketCo,Promotions,Are there any restrictions or requirements to use the coupons provided by SupermarketCo promotions?,"Coupons typically require a valid code that matches an offer's terms. Certain items may have expiration dates, and quantities must be adhered to.",policy,424de492
SupermarketCo,Store Hours,What are the regular store hours for SupermarketCo?,"Our stores open early in the morning and close late at night, ensuring customers have plenty of time to shop.",policy,5803cef5
SupermarketCo,Store Hours,Do all branches operate on holidselldays?,"No, some locations may adjust their hours or remain closed depending on local regulations and community needs. Please check with your nearest SupermarketCo branch for the most accurate information.",policy,40937c78
SupermarketCo,Store Hours,What are SupermarketCo's regular store hours?,SupermarketCo is open seven days a week from early morning until late evening.,policy,26932ab1
SupermarketCo,Store Hours,Are there any specific times when the supermarket closes on Sundays?,"No, our Sunday closing policy remains consistent with Saturday’s operating hours throughout the year.",policy,19e8726b
SupermarketCo,Store Hours,"Are SupermarketCo's store hours fixed, or can they change?",SupermarketCo may adjust store hours occasionally for special events but generally maintain a consistent schedule.,policy,727885cf
SupermarketCo,Store Hours,Can I visit multiple SupermarketCo stores in one day if their operating times overlap?,"Yes, you can plan to shop at different locations on the same day provided they share common operational hours.",policy,06755499
SupermarketCo,Store Hours,What are your store hours for weekdays?,Our supermarkets open from early morning and close in the evening.,policy,0789ab08
SupermarketCo,Store Hours,Are there any exceptions to standard opening times on holidthays?,"Yes, some of our stores may have extended hours or a different schedule; please check with your local branch for details.",policy,e3191b02
SupermarketCo,Store Hours,What are the regular store hours for SupermarketCo?,SupermarketCo is open daily from early morning to late evening.,policy,d3bbb55c
SupermarketCo,Store Hours,Are there any holiday exceptions or changes in store hours at SupermarketCo?,"During major holidries, some of our locations may adjust their operating hours and will announce these on a regular basis via email updates sent to registered customers.",policy,7f4515b4
SupermarketCo,Store Hours,What are SupermarketCo's store hours?,SupermarketCo stores open from 7 AM to 10 PM every day.,policy,bb25571d
SupermarketCo,Store Hours,Can I shop at any time during SupermarketCo'self opening hours?,"Yes, customers can come in and shop between the set hours of operation without restrictions on timing unless special events or holidries dictate otherwise.",policy,deae5b36
SupermarketCo,Store Hours,What are my options for finding store hours during holiday seasons?,"Our regular operating times may vary, and we recommend checking our official website or calling the customer service number before visiting.",policy,387409c6
SupermarketCo,Store Hours,Do you provide any special opening hours on weekends due to high demand?,Special extended store hours are subject to significant events. Please refer to local promotional materials for specific times during such occasions.,policy,88e059fd
SupermarketCo,Store Hours,Can I shop at SupermarketCo after regular hours?,"No, store access is restricted to operating hours only.",policy,4a3cf323
SupermarketCo,Store Hours,Is there a specific reason for changing the opening and closing times of my local SupermarketCo branch?,Our national policy mandates consistent operational schedules across all branches. Local discrepanries are uncommon as they do not reflect our standard operating hours set by corporate headquarters.,policy,8c765a35
SupermarketCo,Store Hours,What are my store hours during weekdays?,Our supermarket is open from early morning until late evening every weekday.,policy,5530fbbb
SupermarketCo,Store Hours,Are the holiday schedules different for SupermarketCo?,"Yes, on major public holidths we extend our store hours to accommodate shoppers' needs.",policy,3881aceb
SupermarketCo,Store Hours,Can I shop at SupermarketCo anytime?,"No, all our stores operate with specific hours of operation for restocking and cleanlinносиble.",policy,9cf97b61
SupermarketCo,Store Hours,What are the store hours on weekends?,"Our typical weekend hours range from 7 AM to closing at a standard time, but please check local policies as they may vary by location for any exceptions like holiday closures.",policy,6c6a9597
